{"Agent1 loss": {"6099": 1710.274658203125}, "Agent1 Average_Reward": [-1702.1925062605242, -1412.86226311052, -1553.2415422736074, -1533.192257035274, -1740.8387584350342, -1389.5577136075963, -1505.5594056521868, -1690.1876680710232, -1516.122505236247, -1432.534876380885, -1591.0528966365637, -1769.9054119111365, -1761.3674351768568, -1754.452203412314, -1599.728144882514, -1699.02704769255, -1820.8760303939537, -1849.47835759503, -1578.4592889154083, -1192.8760497607693, -1551.1431153371975, -1517.4078389341184, -1957.0831038921133, -1804.2932055013157, -1648.2768739551268, -1861.7972715965007, -1647.7836972987177, -1683.4041544018671, -1557.2536200951347, -1721.0954571473872, -1688.2253687141315, -1526.2269733858561, -1422.7317833009142, -1505.0315642959054, -1623.108346596611, -1826.7574597612506, -1598.0811819591738, -1284.7997282510685, -1566.647176253073, -1769.0024948026212, -1964.7472417492115, -1602.6153170792636, -1426.3175798382574, -1783.6379202692583, -1810.168074544188, -1899.164579350555, -1645.0026339517683, -1607.0530535790099, -1643.90196662723, -1670.6064550127023, -1549.9943665818885, -1584.008479604633, -1703.0398300046081, -1825.4291143258315, -1771.210282767802, -1549.517054842971, -1611.5203610570252, -1816.6097302988358, -1673.2226549497548, -1787.7833116054219, -1614.7025186685125, -1689.2821237310973, -1574.337214702313, -1447.0089978811861, -1688.8688550288662, -1732.8242724045697, -1597.341304619865, -1693.834398571111, -1687.14662458901, -1513.260048294504, -1671.768832556855, -1203.5951015896535, -1354.870999783942, -1525.504395375996, -1245.598172144877, -1568.3227367650347, -1680.704619515975, -1647.2394929548043, -1588.355329690435, -1727.5417865386687, -1458.4182772928925, -1709.8858963863897, -1510.3997352455447, -1700.8999715100194, -1307.114049225095, -1182.824040296827, -1576.6552327918735, -1808.4942794226354, -1544.3824058966886, -1449.9110645191136, -1311.420565317759, -1758.9199071401506, -1424.3415601644951, -1523.0403506327632, -1541.5144768116345, -1809.8320067072516, -1509.7295928394221, -1526.9286098372268, -1518.1743733707, -1744.2063330572457, -1346.2463204067806, -1439.4932015150223, -1521.00046047725, -1713.481152399298, -1459.4624868334085, -1828.0571700703802, -1645.7371134067948, -1350.6066812543183, -1473.7482037293423, -1616.82802692668, -1390.1366662492467, -1467.5273538533495, -1368.72319120099, -1682.7197595059056, -1483.283272904536, -1426.3681293464729, -1430.6321254622978, -1585.611879501349, -1600.5206473572891, -1543.8225683819323, -1499.0084405466102, -1379.4350038017947, -1639.5926295631525, -1810.2917791968307, -1497.7713211034807, -1707.0554373841042, -1490.5040959827832, -1746.0405184147248, -1652.3662415045103, -1646.643109019185, -1681.6459442684672, -1127.3667719863472, -1499.4035435256762, -1330.5247576549345, -1369.0021876245826, -1314.6974967510637, -1433.130034389957, -1362.6449141662758, -1271.4212199891404, -1422.1429686102367, -1647.7938110856924, -1326.9021321824869, -1764.2650881825566, -1944.0322482123609, -1497.3277674795502, -1619.4394931884858, -1772.3923751658588, -1520.1422529761383, -1414.394734589555, -1447.3324589858933, -1335.2115645008773, -1740.1795355724514, -1544.624747038118, -1615.7053304317449, -1332.9724355643104, -1654.3815718689477, -1463.632231854784, -1608.188998841137, -1422.067717150589, -1337.7301785936595, -1366.6835959405687, -1504.6750072414113, -1482.9560107389686, -1445.7792922747497, -1444.6134864928404, -1484.3514426198642, -1626.7887922392417, -1553.5052894704231, -1600.1193366662037, -1299.249555936586, -1434.785088465917, -1640.8544691512739, -1497.114365894392, -1423.7067791235754, -1370.207735309884, -1374.6771753844594, -1544.2435972390092, -1343.6502761766246, -1665.0679854235652, -1123.763389327566, -1546.0575016977054, -1370.194904912619, -1545.9309394610113, -1384.0433559417531, -1536.5099946202738, -1441.8686747744594, -1345.6611279552153, -1444.3131235449068, -1447.9958927551345, -1454.6049532180125, -1579.204391918642, -1408.0474011391539, -1516.8744244623329, -1453.8864951783123, -1385.2020993244835, -1322.861099127934, -1428.1249615652343, -1427.3990336133886, -1637.8416425666003, -1415.75054835735, -1315.899965163238, -1507.9902549367011, -1592.0825216130768, -1428.9401618907455, -1431.6716335345643, -1366.4735725950309, -1482.7185318721095, -1635.29170646603, -1592.0435618324886, -1426.5016973710651, -1464.8500477679472, -1594.9438682137147, -1308.6043778926191, -1640.191001497168, -1441.7708704137847, -1485.4751655630655, -1589.7382111703969, -1400.5289285926342, -1414.662102102756, -1443.7900794331645, -1549.4473141481865, -1551.076659233472, -1554.5801322862533, -1463.5416039063139, -1304.6703243451077, -1439.767038115519, -1423.5079234235739, -1495.874415970736, -1322.9479090737323, -1453.190221846171, -1470.200780056146, -1618.1214937310583, -1461.0372614798334, -1456.0351357696522, -1393.2787961140257, -1388.7052192832246, -1473.7619773465299, -1908.8057354939683, -1521.476325243582, -1274.8683445909694, -1299.0292769125078, -1200.4222235897057, -1449.0617765093805, -1346.9970736370665, -1543.1875662517125, -1391.2056223175143, -1211.8642837720638, -1339.3014200528548, -1467.0528745741065, -1380.466421094163, -1299.1031974049083, -1680.8693803128724, -1551.0812238658646, -1366.1021525053648, -1468.6503737739379, -1514.0752605615342, -1608.0846569195999, -1414.502305619689, -1478.6675141222975, -1396.3432212839134, -1576.803562963077, -1483.504297788267, -1637.6041861950541, -1783.9585382142786, -1568.2433660662218, -1317.2761009889798, -1583.9855259864198, -1383.5612234127148, -1834.1726742826595, -1717.1130229952253, -1276.7442624665978, -1388.4643627877801, -1439.2844192774762, -1240.9126737625322, -1401.500160223643, -1552.2971139288304, -1416.5199335278846, -1472.071799912992, -1577.2307186040305, -1469.4308046019626, -1499.4993489348722, -1442.4785466916712, -1486.41568623274, -1595.748776558249, -1521.407503010554, -1541.7904888822081, -1547.4837844633341, -1422.9549620048283, -1454.5321175867311, -1355.1529570666485, -1880.4864211154998, -1546.4666777966866, -1555.2833187447209, -1516.6636203084895, -1431.2077960491258, -1434.8889217577246, -1530.9489817307567, -1534.8913396321695, -1542.852282284309, -1485.824569598602, -1410.1282037702754, -1455.1100179936561, -1362.0776405005915, -1332.7298914274497, -1605.0893639686747, -1371.9640614726861, -1341.2453220057032, -1525.722558940749, -1499.2468567668402, -1540.9018300562757, -1454.0929656897986, -2193.0253926331984, -1487.0636057569914, -1286.2588854194235, -1584.117172116654, -1475.4318024010352, -1399.3171408407495, -1609.2613484706392, -2070.4524311468294, -1479.1378262527367, -1537.6359177865058, -1453.5995776334846, -1415.644749839767, -1534.882548624576, -1226.9795027497698, -1476.4333141507655, -1503.8983792547024, -1564.566418919142, -1425.1807909721897, -1323.8725012470966, -1448.5244499144806, -1408.9223694692091, -1139.0252806710107, -1573.9357730659297, -1389.858519683253, -1532.131937307584, -1454.527975671526, -1474.2611682493996, -1996.947771944629, -1546.2981136287794, -1465.827839790272, -2105.410322890323, -1538.5417814470773, -1476.6928930077897, -1505.352779772296, -1450.2107568647468, -1510.6326843780598, -1594.9344590250153, -1342.9995428180619, -1606.592815787225, -1249.9830246405863, -1374.2860380616412, -1331.0173501516917, -1486.5024632616037, -1621.5169593232436, -1490.7435788073342, -1226.641217937936, -1505.522049817988, -1359.7046338804892, -1494.1750555523784, -1388.9680806379185, -1508.1414086800369, -1518.2034462890465, -1561.8057178713857, -1446.8124144502206, -1586.79604931561, -1528.0789765699446, -1477.9298968026108, -1289.0939923105739, -1542.644393771811, -1579.479510340927, -1432.2442669506956, -1631.899312895963, -1324.022238641685, -1477.0706791360094, -1590.6478566958524, -1294.6703730211213, -1456.9800030765919, -1373.5818284986165, -1363.9163186349926, -1413.2878125247692, -1378.4056866248688, 