{"Agent1 loss": {"24": 795.7577514648438}, "Agent1 Average_Reward": [-63.59371832317956, -90.46124190339903, -143.4347094467857, -1522.7577075330894, -2329.769502630213]}