{"Agent1 loss": {"3999": 115.40353393554688}, "Agent1 Average_Reward": [-103.17638052841035, -98.40662823061761, -126.03470443836407, -103.33042840829242, -134.55774179496717, -104.10477509756045, -125.08014945218845, -85.69770704887539, -103.11271775439795, -85.17511111472855, -84.04453099951527, -91.1085794583281, -78.91421851681339, -71.36395710659868, -77.41801883239616, -83.64033441888519, -69.42738316198555, -90.51437569984932, -93.86120890559991, -67.95876486060381, -77.40711465898279, -118.71152743494932, -88.41431455952336, -96.41506020714465, -81.15253304861474, -92.78017913848593, -77.48095582187055, -85.04476180214691, -75.73315391444758, -79.64464921678842, -68.94769624529091, -66.05699309883805, -90.14903223517688, -84.20700516015344, -88.38600697967674, -60.4299148700739, -73.43944231419526, -71.92114893640917, -69.07498117256287, -94.10065168981585, -98.17488420322684, -81.25455917433092, -76.06419014721556, -77.04807849447977, -95.3419388208139, -62.70920169586689, -142.9867906000773, -79.35734334837043, -53.033448214366615, -52.450568113142516, -55.03892503700533, -52.73959181384484, -49.037903496047626, -47.819954040350076, -56.32996242977929, -49.466041455174654, -51.734921501503415, -50.492130229911126, -50.48292213643889, -44.859930103106066, -40.83702044924888, -48.753442718205484, -42.19365802807711, -41.46022339635331, -40.84850935908946, -44.317959920072234, -47.51759859270508, -44.2342302361708, -42.07358012976946, -39.82451797185235, -41.13698121028519, -44.44037276496226, -43.45361890732364, -41.04075057531581, -47.376417429929205, -38.9190849974209, -39.22800970484831, -37.08646883334204, -44.27668953649582, -38.868464298134505, -41.61365481658764, -41.26867660224436, -43.8316182559677, -36.073437634854464, -41.804045121975264, -39.325916848588136, -40.79753643836084, -35.297789549657345, -40.66783937225629, -32.75035638092365, -38.502551489898586, -38.294992305297114, -37.22056454959146, -38.917618184781624, -34.919132226960045, -33.13773719460343, -41.189355087427295, -34.189345400093615, -38.947646529472664, -36.85046543712968, -36.75695540715491, -34.71416081421602, -35.86932988909182, -36.217994254992966, -35.2594658322871, -37.911498888984546, -32.47004292903212, -35.31872007534112, -37.26731083437025, -33.941772147725025, -36.46621406516695, -31.403830585597536, -33.941916274706564, -37.90669059785915, -38.22840909398844, -36.88972036085034, -35.35997959980784, -37.627607334181945, -34.21019677180186, -32.565106497328266, -34.61058952196553, -39.14831665838143, -36.73132700287083, -34.44244169360906, -36.911823563762844, -30.210621669563526, -35.29473993524231, -31.172298990201643, -33.119792234313444, -34.42882862246943, -32.97067654947175, -35.86941467912962, -31.75790498942011, -30.242999059176213, -31.796846174237434, -32.68958989943514, -28.633382250221466, -34.64884461183995, -33.693464640619496, -30.47864881825919, -34.51884667006275, -33.48298691557859, -33.39049999666401, -31.09498457907693, -31.944696372066744, -30.82549081934604, -34.32398089879526, -32.206254188392606, -33.30249457861062, -34.0775587407048, -31.6085920378604, -30.288014203776882, -32.5848407777133, -33.480544217688184, -35.89358840231483, -34.19075581160014, -32.448381816343534, -32.91847129770265, -31.47303541030617, -33.395891876169365, -31.965104361309745, -34.09169486717111, -30.259442523790135, -31.245064252814387, -35.24986578457936, -32.21060742659179, -32.14678844221076, -38.67917980069694, -34.09055356199441, -33.42469147389511, -33.895233883469224, -35.39966277822865, -32.44250805164195, -33.96662982492688, -34.63392549854461, -34.0109254573859, -36.13031046847124, -35.466181008724455, -34.285137608102474, -34.29714772595398, -34.69956115525347, -30.799244936674224, -34.1169162065363, -33.215903116020485, -32.930811360433175, -31.742545714610927, -31.41991654365365, -33.54831192866, -32.766917060021385, -34.04003969733953, -32.96704621509313, -33.83261388827413, -31.02419284784468, -33.11054967131736, -34.77046663061693, -32.53504426853996, -33.49436866471564, -32.926872036592954, -35.10377860043955, -30.248961725195464, -33.0230019379654, -30.976446280358516, -33.25368933458538, -30.84974988564914, -30.37836504671629, -34.360681794286, -33.56704670714048, -33.24220064498155, -36.09514560614077, -32.13504713221506, -29.166004470820276, -34.64369857959003, -35.169749171867785, -32.380894895513514, -38.21646934678581, -32.951043704364196, -30.964043984956483, -33.25193951521269, -34.398437441219826, -35.59242350538093, -34.62786431976214, -33.32919551607041, -34.670338594202974, -36.6095902665099, -35.01872265605053, -33.505617731381385, -36.57603183516707, -32.569001469, -33.909764097620716, -31.87508727128975, -33.048791558047824, -33.37433645039086, -35.35583050963175, -33.21264977701294, -35.95199960842438, -34.440967142850575, -34.63893095194571, -36.23570303695134, -32.503947451459, -34.356404685606364, -33.687329951932035, -36.07644343048625, -37.13338780989696, -33.913783500385705, -34.641856050858784, -34.92573844617845, -36.368460258572576, -31.424902836402573, -34.29046852127832, -35.25014395898189, -34.43567163753389, -34.514411912973515, -35.13585739716197, -34.79384091126657, -36.05178176868561, -31.156513502456335, -30.801795031371064, -32.12057670987309, -33.31656262746646, -36.90340367024006, -41.18433647315057, -35.137464986496305, -32.26496745534939, -34.75071466756327, -34.804680490206025, -39.821638459927996, -37.50888677116677, -36.65668061266383, -35.23013335138084, -35.51431303352771, -37.830730404682, -36.219438610005035, -34.91034841072795, -36.59045099080656, -35.98566183325231, -38.50649808933261, -31.226730763440393, -35.452801423621565, -36.00736238595993, -39.06786720951794, -37.51189556986505, -33.99945721509939, -37.73128757873851, -34.34569131263214, -38.70807977744517, -38.07192778377824, -38.49240539799626, -35.47702079483864, -35.48499763833464, -39.5920235981846, -37.73363515335864, -38.98711620839561, -35.60640386485296, -40.94143232820756, -36.54407007229295, -39.62223560939717, -42.00534445202891, -37.559361332998066, -41.40074108823027, -40.68996272613157, -36.413248272603, -37.55514547229139, -44.71980454940707, -43.88133410005766, -42.189869741579926, -39.49456414571525, -36.928619094779314, -39.188730537495, -40.81498037113561, -42.57979619995724, -43.833730793760154, -42.23934986176482, -39.03565241464573, -38.87069540283077, -41.10581280107401, -38.32414748863627, -44.62451922388728, -42.81230969426, -41.862452251270156, -40.66920766854844, -43.38849329566589, -39.44173548882322, -45.80121941155641, -41.57685116427032, -41.460063908253105, -37.11916364016126, -41.03395709085519, -45.916368322914806, -44.168454496725744, -43.21674751037013, -39.91832160449284, -41.00418839029407, -48.333770165545765, -42.32722905042438, -42.40118461840679, -39.185035047806075, -38.227942219554826, -42.61238642534701, -44.28546095735772, -40.478493905462734, -40.15780357809811, -39.187762423454515, -44.78280736379985, -50.36080781875503, -45.1985277785927, -37.27637123733458, -43.395447651384785, -43.6528994697799, -44.5333896935237, -41.26180993206417, -41.25458479545181, -46.315512398725325, -48.0216158649898, -44.33116559600759, -43.33670408203519, -45.13115642619926, -46.832315321264225, -41.9869280670784, -43.877929775292614, -43.34568219978274, -44.49754991138832, -42.88223698327826, -43.47283058149894, -42.48245465903022, -42.46646235073972, -43.0908427836153, -46.32395252466152, -50.074997443695175, -46.69015200492177, -45.80961402805356, -47.96278077971087, -49.97274837401545, -51.380685316668504, -50.93164933303868, -47.87804188218388, -47.170467272522686, -49.68565860144188, -53.8841658929533, -49.84011490213219, -42.941565440245064, -44.993437291071444, -46.929677857243064, -52.304252278546926, -46.42062768885305, -46.322668702243256, -48.82340006158377, -48.8133122540704, -47.46273228744254, -52.81500830005536, -57.623227063063375, -51.9608901452105, -50.08476080940746, 